{"train_loss": [0.7462435869126212, 0.2550726664211946, 0.18605027516318864, 0.12181034936727289, 0.08698479493146999, 0.09388802441366888, 0.05330258494805395, 0.039355191221724005, 0.03211272931275776, 0.022840948104468316, 0.014196058869454116, 0.027790956958692787, 0.016868679340346512, 0.012455633793994914, 0.030910900076623702, 0.004647174898582148, 0.005018356506937032, 0.0022727393913566825, 0.004536278319268172, 0.010504817902955696], "train_acc": [0.7280977312390925, 0.9127399650959861, 0.9361256544502619, 0.9605584642233858, 0.9720767888307156, 0.9682373472949389, 0.9842931937172775, 0.9860383944153578, 0.9898778359511344, 0.9926701570680628, 0.9947643979057592, 0.9898778359511344, 0.9940663176265271, 0.9954624781849913, 0.9895287958115184, 0.9989528795811519, 0.9986038394415359, 0.999301919720768, 0.9986038394415359, 0.9972076788830716], "val_loss": [0.27416179022612763, 0.23128705548649886, 0.12748484093711465, 0.08809306062861882, 0.12501773172716715, 0.06598390063538503, 0.06332409240869154, 0.08105811123207544, 0.0755666395664901, 0.06602792698250905, 0.11127245759414808, 0.10170401746183169, 0.061563191127494456, 0.08715017414242653, 0.11969129110828063, 0.06253410066053208, 0.08673783272700943, 0.08238897776696182, 0.062310687657913276, 0.0997152259596721], "val_acc": [0.9037656903765691, 0.9093444909344491, 0.9539748953974896, 0.9637377963737797, 0.9581589958158996, 0.9790794979079498, 0.9748953974895398, 0.9762900976290098, 0.9707112970711297, 0.9790794979079498, 0.9693165969316597, 0.9693165969316597, 0.9832635983263598, 0.9790794979079498, 0.9693165969316597, 0.9846582984658299, 0.9804741980474198, 0.9846582984658299, 0.9846582984658299, 0.9679218967921897]}